categoria,ma3,abr_forecast,mai_forecast,jun_forecast,q2_forecast
Embalagem,20.333333333333332,20.333333333333332,20.333333333333332,20.333333333333332,61.0
Escritório,19.0,19.0,19.0,19.0,57.0
Lubrificante,18.666666666666668,18.666666666666668,18.666666666666668,18.666666666666668,56.0
Ferramentas,20.0,20.0,20.0,20.0,60.0
Peças,25.0,25.0,25.0,25.0,75.0
